Digital Code,DNL value,INL Value,Actual Value,Ideal Value,Corrected Value
0,0.000000,0.000000,1.000000,1.000000,1.000000
1,0.034004,0.034004,2.034004,2.000000,2.034004
2,0.185667,0.219671,3.219671,3.000000,3.219671
3,-0.404903,-0.185232,3.814768,4.000000,3.814768
4,0.142183,-0.043049,4.956951,5.000000,4.956951
5,-0.110777,-0.153827,5.846173,6.000000,5.846173
6,0.289369,0.135542,7.135542,7.000000,7.135542
7,-0.135542,0.000000,8.000000,8.000000,8.000000
