Digital Code,DNL value,INL Value,Actual Value,Ideal Value,Corrected Value
0,0.000000,0.000000,1.000000,1.000000,1.000000
1,0.248216,0.248216,2.248216,2.000000,2.248216
2,-0.457847,-0.209631,2.790369,3.000000,2.790369
3,0.060994,-0.148636,3.851364,4.000000,3.851364
4,0.224269,0.075633,5.075633,5.000000,5.075633
5,0.029199,0.104832,6.104832,6.000000,6.104832
6,-0.288809,-0.183977,6.816023,7.000000,6.816023
7,0.183977,0.000000,8.000000,8.000000,8.000000
