Digital Code,DNL value,INL Value,Actual Value,Ideal Value,Corrected Value
0,0.000000,0.000000,1.000000,1.000000,1.000000
1,0.115050,0.115050,2.115050,2.000000,2.115050
2,-0.027853,0.087197,3.087197,3.000000,3.087197
3,0.044212,0.131409,4.131409,4.000000,4.131409
4,0.025532,0.156941,5.156941,5.000000,5.156941
5,-0.048665,0.108276,6.108276,6.000000,6.108276
6,0.026009,0.134285,7.134285,7.000000,7.134285
7,-0.134285,0.000000,8.000000,8.000000,8.000000
